timestamp,mmsi,imo,vessel_name,vessel_type,callsign,latitude,longitude,speed_knots,course_deg,nav_status
2024-02-06T18:00:00Z,375924000,7522124,SOLO CREED,Tug / Towing,5IM341,10.7200,-60.4500,5.2,305.0,Engaged in towing
2024-02-06T21:00:00Z,375924000,7522124,SOLO CREED,Tug / Towing,5IM341,10.8500,-60.5800,5.0,302.0,Engaged in towing
2024-02-07T00:00:00Z,375924000,7522124,SOLO CREED,Tug / Towing,5IM341,10.9800,-60.6900,4.8,300.0,Engaged in towing
2024-02-07T03:00:00Z,375924000,7522124,SOLO CREED,Tug / Towing,5IM341,11.0800,-60.7500,4.6,298.0,Engaged in towing
2024-02-07T06:00:00Z,375924000,7522124,SOLO CREED,Tug / Towing,5IM341,11.1350,-60.7950,3.8,295.0,Restricted maneuverability
2024-02-07T08:30:00Z,375924000,7522124,SOLO CREED,Tug / Towing,5IM341,11.1480,-60.8250,2.1,280.0,Not under command
2024-02-07T11:00:00Z,375924000,7522124,SOLO CREED,Tug / Towing,5IM341,11.1420,-60.8520,6.5,145.0,Under way using engine
2024-02-07T14:00:00Z,375924000,7522124,SOLO CREED,Tug / Towing,5IM341,10.9500,-60.5500,9.2,120.0,Under way using engine
2024-02-07T04:00:00Z,370857000,9244087,TT SPIRIT,High Speed Craft,9YAE,10.8200,-61.1500,28.5,042.0,Under way using engine
2024-02-07T05:30:00Z,370857000,9244087,TT SPIRIT,High Speed Craft,9YAE,11.1700,-60.7300,26.0,040.0,Under way using engine
2024-02-07T07:00:00Z,370857000,9244087,TT SPIRIT,High Speed Craft,9YAE,11.2000,-60.6500,12.0,090.0,Moored
2024-02-07T02:00:00Z,370605000,9180748,CABO STAR,Ro-Ro Cargo,9YAS,11.0500,-60.9500,14.5,220.0,Under way using engine
2024-02-07T04:30:00Z,370605000,9180748,CABO STAR,Ro-Ro Cargo,9YAS,10.7500,-61.3500,14.2,222.0,Under way using engine
2024-02-07T08:00:00Z,636012345,9299692,KAPITAN KOSTICHEV,Oil Tanker,A8LG8,10.5500,-60.8500,12.0,290.0,Under way using engine
2024-02-07T11:00:00Z,636012345,9299692,KAPITAN KOSTICHEV,Oil Tanker,A8LG8,10.7500,-61.3500,12.2,292.0,Under way using engine
2024-02-07T06:00:00Z,636017000,9355642,BOMAR RENAISSANCE,Container Ship,A8PK2,11.4500,-60.5000,15.8,260.0,Under way using engine
2024-02-07T08:30:00Z,636017000,9355642,BOMAR RENAISSANCE,Container Ship,A8PK2,11.4000,-61.2000,15.7,260.0,Under way using engine
